{
  "color-primary-100": "#CEE9FE",
  "color-primary-200": "#9ED0FD",
  "color-primary-300": "#6EB1FB",
  "color-primary-400": "#4A96F7",
  "color-primary-500": "#106AF3",
  "color-primary-transparent-100": "rgba(16, 106, 243, 0.08)",
  "color-primary-transparent-200": "rgba(16, 106, 243, 0.16)",
  "color-primary-transparent-300": "rgba(16, 106, 243, 0.24)",
  "color-primary-transparent-400": "rgba(16, 106, 243, 0.32)",
  "color-primary-transparent-500": "rgba(16, 106, 243, 0.40)",
  "color-primary-transparent-600": "rgba(16, 106, 243, 0.48)",
  "color-success-100": "#CAFCCA",
  "color-success-200": "#95FA9F",
  "color-success-300": "#60F07B",
  "color-success-400": "#38E169",
  "color-success-500": "#00CD50",
  "color-success-600": "#00B056",
  "color-success-700": "#009356",
  "color-success-800": "#007651",
  "color-success-900": "#00624D",
  "color-success-transparent-100": "rgba(0, 205, 80,  0.08)",
  "color-success-transparent-200": "rgba(0, 205, 80,  0.16)",
  "color-success-transparent-300": "rgba(0, 205, 80,  0.24)",
  "color-success-transparent-400": "rgba(0, 205, 80,  0.32)",
  "color-success-transparent-500": "rgba(0, 205, 80,  0.40)",
  "color-success-transparent-600": "rgba(0, 205, 80,  0.48)",
  "color-info-100": "#F3FCFD",
  "color-info-200": "#E7F8FB",
  "color-info-300": "#D7EEF5",
  "color-info-400": "#C7E0EB",
  "color-info-500": "#B1CEDE",
  "color-info-transparent-100": "rgba(177, 206, 222, 0.08)",
  "color-info-transparent-200": "rgba(177, 206, 222, 0.16)",
  "color-info-transparent-300": "rgba(177, 206, 222, 0.24)",
  "color-info-transparent-400": "rgba(177, 206, 222, 0.32)",
  "color-info-transparent-500": "rgba(177, 206, 222, 0.40)",
  "color-info-transparent-600": "rgba(177, 206, 222, 0.48)",
  "color-warning-100": "#FFFDE1",
  "color-warning-200": "#FFFCC3",
  "color-warning-300": "#FFFAA4",
  "color-warning-400": "#FFF88E",
  "color-warning-500": "#FFF569",
  "color-warning-transparent-100": "rgba(255, 245, 105, 0.08)",
  "color-warning-transparent-200": "rgba(255, 245, 105, 0.16)",
  "color-warning-transparent-300": "rgba(255, 245, 105, 0.24)",
  "color-warning-transparent-400": "rgba(255, 245, 105, 0.32)",
  "color-warning-transparent-500": "rgba(255, 245, 105, 0.40)",
  "color-warning-transparent-600": "rgba(255, 245, 105, 0.48)",
  "color-danger-100": "#FDCFCB",
  "color-danger-200": "#FC9799",
  "color-danger-300": "#F66374",
  "color-danger-400": "#EE3C61",
  "color-danger-500": "#E30147",
  "color-danger-transparent-100": "rgba(227, 1, 71, 0.08)",
  "color-danger-transparent-200": "rgba(227, 1, 71, 0.16)",
  "color-danger-transparent-300": "rgba(227, 1, 71, 0.24)",
  "color-danger-transparent-400": "rgba(227, 1, 71, 0.32)",
  "color-danger-transparent-500": "rgba(227, 1, 71, 0.40)",
  "color-danger-transparent-600": "rgba(227, 1, 71, 0.48)",
  "color-basic-100": "#122332",
  "color-basic-200": "#2A3947",
  "color-basic-300": "#414F5B",
  "color-basic-400": "#5A6570",
  "color-basic-500": "#717B84",
  "color-basic-600": "#889098",
  "color-basic-700": "#A0A7AD",
  "color-basic-800": "#B8BDC2",
  "color-basic-900": "#D0D3D6",
  "color-basic-1000": "#E8E9EB",
  "color-basic-1100": "#FFFFFF",
  "color-basic-1200": "#7B8794",
  "color-basic-transparent-100": "rgba(136, 144, 152, 0.08)",
  "color-basic-transparent-200": "rgba(136, 144, 152, 0.16)",
  "color-basic-transparent-300": "rgba(136, 144, 152, 0.24)",
  "color-basic-transparent-400": "rgba(136, 144, 152, 0.32)",
  "color-basic-transparent-500": "rgba(136, 144, 152, 0.40)",
  "color-basic-transparent-600": "rgba(136, 144, 152, 0.48)",
  "color-basic-control-transparent-100": "rgba(255, 255, 255, 0.08)",
  "color-basic-control-transparent-200": "rgba(255, 255, 255, 0.16)",
  "color-basic-control-transparent-300": "rgba(255, 255, 255, 0.24)",
  "color-basic-control-transparent-400": "rgba(255, 255, 255, 0.32)",
  "color-basic-control-transparent-500": "rgba(255, 255, 255, 0.40)",
  "color-basic-control-transparent-600": "rgba(255, 255, 255, 0.48)",
  "color-secondary-100": "#FDFDF4",
  "color-secondary-200": "#FBFBEB",
  "color-secondary-300": "#F4F3DC",
  "color-secondary-400": "#EAE9CD",
  "color-secondary-500": "#DCDBB8",
  "color-secondary-600": "#BDBB86",
  "color-secondary-700": "#9E9C5C",
  "color-secondary-800": "#7F7D3A",
  "color-secondary-900": "#696623",
  "color-secondary-1-100": "#DFEAF8",
  "color-secondary-1-200": "#C2D5F1",
  "color-secondary-1-300": "#97AFD7",
  "color-secondary-1-400": "#6E85AF",
  "color-secondary-1-500": "#3E517A",
  "color-secondary-1-600": "#2D3E68",
  "color-secondary-1-700": "#1F2D57",
  "color-secondary-1-800": "#131E46",
  "color-secondary-1-900": "#0B143A"
}
